{
  "v": "5.5.7",
  "fr": 30,
  "ip": 79,
  "op": 210,
  "w": 1220,
  "h": 1080,
  "nm": "Comp 3",
  "ddd": 0,
  "assets": [
    {
      "id": "comp_0",
      "layers": [
        {
          "ddd": 0,
          "ind": 1,
          "ty": 0,
          "nm": "Comp 1",
          "refId": "comp_1",
          "sr": 1,
          "ks": {
            "o": {
              "a": 0,
              "k": 100,
              "ix": 11
            },
            "r": {
              "a": 0,
              "k": 0,
              "ix": 10
            },
            "p": {
              "a": 0,
              "k": [960, 64, 0],
              "ix": 2
            },
            "a": {
              "a": 0,
              "k": [960, 540, 0],
              "ix": 1
            },
            "s": {
              "a": 0,
              "k": [100, 100, 100],
              "ix": 6
            }
          },
          "ao": 0,
          "tm": {
            "a": 1,
            "k": [
              {
                "i": {
                  "x": [0.833],
                  "y": [0.833]
                },
                "o": {
                  "x": [0.167],
                  "y": [0.167]
                },
                "t": 60.06,
                "s": [0]
              },
              {
                "i": {
                  "x": [0.833],
                  "y": [0.833]
                },
                "o": {
                  "x": [0.167],
                  "y": [0.167]
                },
                "t": 120.121,
                "s": [2.002]
              },
              {
                "t": 186.18603662256,
                "s": [4.004]
              }
            ],
            "ix": 2,
            "x": "var $bm_rt;\n$bm_rt = loopOut('cycle', 1);"
          },
          "w": 1920,
          "h": 1080,
          "ip": 60.0600600600601,
          "op": 360.36036036036,
          "st": 60.0600600600601,
          "bm": 0
        },
        {
          "ddd": 0,
          "ind": 2,
          "ty": 0,
          "nm": "Comp 1",
          "refId": "comp_1",
          "sr": 1,
          "ks": {
            "o": {
              "a": 0,
              "k": 100,
              "ix": 11
            },
            "r": {
              "a": 0,
              "k": 0,
              "ix": 10
            },
            "p": {
              "a": 0,
              "k": [960, 184, 0],
              "ix": 2
            },
            "a": {
              "a": 0,
              "k": [960, 540, 0],
              "ix": 1
            },
            "s": {
              "a": 0,
              "k": [100, 100, 100],
              "ix": 6
            }
          },
          "ao": 0,
          "tm": {
            "a": 1,
            "k": [
              {
                "i": {
                  "x": [0.833],
                  "y": [0.833]
                },
                "o": {
                  "x": [0.167],
                  "y": [0.167]
                },
                "t": 56.056,
                "s": [0]
              },
              {
                "i": {
                  "x": [0.833],
                  "y": [0.833]
                },
                "o": {
                  "x": [0.167],
                  "y": [0.167]
                },
                "t": 116.117,
                "s": [2.002]
              },
              {
                "t": 182.182032618556,
                "s": [4.004]
              }
            ],
            "ix": 2,
            "x": "var $bm_rt;\n$bm_rt = loopOut('cycle', 1);"
          },
          "w": 1920,
          "h": 1080,
          "ip": 56.0560560560561,
          "op": 356.356356356356,
          "st": 56.0560560560561,
          "bm": 0
        },
        {
          "ddd": 0,
          "ind": 3,
          "ty": 0,
          "nm": "Comp 1",
          "refId": "comp_1",
          "sr": 1,
          "ks": {
            "o": {
              "a": 0,
              "k": 100,
              "ix": 11
            },
            "r": {
              "a": 0,
              "k": 0,
              "ix": 10
            },
            "p": {
              "a": 0,
              "k": [960, 304, 0],
              "ix": 2
            },
            "a": {
              "a": 0,
              "k": [960, 540, 0],
              "ix": 1
            },
            "s": {
              "a": 0,
              "k": [100, 100, 100],
              "ix": 6
            }
          },
          "ao": 0,
          "tm": {
            "a": 1,
            "k": [
              {
                "i": {
                  "x": [0.833],
                  "y": [0.833]
                },
                "o": {
                  "x": [0.167],
                  "y": [0.167]
                },
                "t": 52.052,
                "s": [0]
              },
              {
                "i": {
                  "x": [0.833],
                  "y": [0.833]
                },
                "o": {
                  "x": [0.167],
                  "y": [0.167]
                },
                "t": 112.113,
                "s": [2.002]
              },
              {
                "t": 178.178028614552,
                "s": [4.004]
              }
            ],
            "ix": 2,
            "x": "var $bm_rt;\n$bm_rt = loopOut('cycle', 1);"
          },
          "w": 1920,
          "h": 1080,
          "ip": 52.052052052052,
          "op": 352.352352352352,
          "st": 52.052052052052,
          "bm": 0
        },
        {
          "ddd": 0,
          "ind": 4,
          "ty": 0,
          "nm": "Comp 1",
          "refId": "comp_1",
          "sr": 1,
          "ks": {
            "o": {
              "a": 0,
              "k": 100,
              "ix": 11
            },
            "r": {
              "a": 0,
              "k": 0,
              "ix": 10
            },
            "p": {
              "a": 0,
              "k": [960, 424, 0],
              "ix": 2
            },
            "a": {
              "a": 0,
              "k": [960, 540, 0],
              "ix": 1
            },
            "s": {
              "a": 0,
              "k": [100, 100, 100],
              "ix": 6
            }
          },
          "ao": 0,
          "tm": {
            "a": 1,
            "k": [
              {
                "i": {
                  "x": [0.833],
                  "y": [0.833]
                },
                "o": {
                  "x": [0.167],
                  "y": [0.167]
                },
                "t": 48.048,
                "s": [0]
              },
              {
                "i": {
                  "x": [0.833],
                  "y": [0.833]
                },
                "o": {
                  "x": [0.167],
                  "y": [0.167]
                },
                "t": 108.109,
                "s": [2.002]
              },
              {
                "t": 174.174024610548,
                "s": [4.004]
              }
            ],
            "ix": 2,
            "x": "var $bm_rt;\n$bm_rt = loopOut('cycle', 1);"
          },
          "w": 1920,
          "h": 1080,
          "ip": 48.0480480480481,
          "op": 348.348348348348,
          "st": 48.0480480480481,
          "bm": 0
        },
        {
          "ddd": 0,
          "ind": 5,
          "ty": 0,
          "nm": "Comp 1",
          "refId": "comp_1",
          "sr": 1,
          "ks": {
            "o": {
              "a": 0,
              "k": 100,
              "ix": 11
            },
            "r": {
              "a": 0,
              "k": 0,
              "ix": 10
            },
            "p": {
              "a": 0,
              "k": [960, 544, 0],
              "ix": 2
            },
            "a": {
              "a": 0,
              "k": [960, 540, 0],
              "ix": 1
            },
            "s": {
              "a": 0,
              "k": [100, 100, 100],
              "ix": 6
            }
          },
          "ao": 0,
          "tm": {
            "a": 1,
            "k": [
              {
                "i": {
                  "x": [0.833],
                  "y": [0.833]
                },
                "o": {
                  "x": [0.167],
                  "y": [0.167]
                },
                "t": 44.044,
                "s": [0]
              },
              {
                "i": {
                  "x": [0.833],
                  "y": [0.833]
                },
                "o": {
                  "x": [0.167],
                  "y": [0.167]
                },
                "t": 104.105,
                "s": [2.002]
              },
              {
                "t": 170.170020606544,
                "s": [4.004]
              }
            ],
            "ix": 2,
            "x": "var $bm_rt;\n$bm_rt = loopOut('cycle', 1);"
          },
          "w": 1920,
          "h": 1080,
          "ip": 44.044044044044,
          "op": 344.344344344344,
          "st": 44.044044044044,
          "bm": 0
        },
        {
          "ddd": 0,
          "ind": 6,
          "ty": 0,
          "nm": "Comp 1",
          "refId": "comp_1",
          "sr": 1,
          "ks": {
            "o": {
              "a": 0,
              "k": 100,
              "ix": 11
            },
            "r": {
              "a": 0,
              "k": 0,
              "ix": 10
            },
            "p": {
              "a": 0,
              "k": [960, 664, 0],
              "ix": 2
            },
            "a": {
              "a": 0,
              "k": [960, 540, 0],
              "ix": 1
            },
            "s": {
              "a": 0,
              "k": [100, 100, 100],
              "ix": 6
            }
          },
          "ao": 0,
          "tm": {
            "a": 1,
            "k": [
              {
                "i": {
                  "x": [0.833],
                  "y": [0.833]
                },
                "o": {
                  "x": [0.167],
                  "y": [0.167]
                },
                "t": 40.04,
                "s": [0]
              },
              {
                "i": {
                  "x": [0.833],
                  "y": [0.833]
                },
                "o": {
                  "x": [0.167],
                  "y": [0.167]
                },
                "t": 100.101,
                "s": [2.002]
              },
              {
                "t": 166.16601660254,
                "s": [4.004]
              }
            ],
            "ix": 2,
            "x": "var $bm_rt;\n$bm_rt = loopOut('cycle', 1);"
          },
          "w": 1920,
          "h": 1080,
          "ip": 40.04004004004,
          "op": 340.34034034034,
          "st": 40.04004004004,
          "bm": 0
        },
        {
          "ddd": 0,
          "ind": 7,
          "ty": 0,
          "nm": "Comp 1",
          "refId": "comp_1",
          "sr": 1,
          "ks": {
            "o": {
              "a": 0,
              "k": 100,
              "ix": 11
            },
            "r": {
              "a": 0,
              "k": 0,
              "ix": 10
            },
            "p": {
              "a": 0,
              "k": [960, 784, 0],
              "ix": 2
            },
            "a": {
              "a": 0,
              "k": [960, 540, 0],
              "ix": 1
            },
            "s": {
              "a": 0,
              "k": [100, 100, 100],
              "ix": 6
            }
          },
          "ao": 0,
          "tm": {
            "a": 1,
            "k": [
              {
                "i": {
                  "x": [0.833],
                  "y": [0.833]
                },
                "o": {
                  "x": [0.167],
                  "y": [0.167]
                },
                "t": 36.036,
                "s": [0]
              },
              {
                "i": {
                  "x": [0.833],
                  "y": [0.833]
                },
                "o": {
                  "x": [0.167],
                  "y": [0.167]
                },
                "t": 96.097,
                "s": [2.002]
              },
              {
                "t": 162.162012598536,
                "s": [4.004]
              }
            ],
            "ix": 2,
            "x": "var $bm_rt;\n$bm_rt = loopOut('cycle', 1);"
          },
          "w": 1920,
          "h": 1080,
          "ip": 36.036036036036,
          "op": 336.336336336336,
          "st": 36.036036036036,
          "bm": 0
        },
        {
          "ddd": 0,
          "ind": 8,
          "ty": 0,
          "nm": "Comp 1",
          "refId": "comp_1",
          "sr": 1,
          "ks": {
            "o": {
              "a": 0,
              "k": 100,
              "ix": 11
            },
            "r": {
              "a": 0,
              "k": 0,
              "ix": 10
            },
            "p": {
              "a": 0,
              "k": [960, 904, 0],
              "ix": 2
            },
            "a": {
              "a": 0,
              "k": [960, 540, 0],
              "ix": 1
            },
            "s": {
              "a": 0,
              "k": [100, 100, 100],
              "ix": 6
            }
          },
          "ao": 0,
          "tm": {
            "a": 1,
            "k": [
              {
                "i": {
                  "x": [0.833],
                  "y": [0.833]
                },
                "o": {
                  "x": [0.167],
                  "y": [0.167]
                },
                "t": 32.032,
                "s": [0]
              },
              {
                "i": {
                  "x": [0.833],
                  "y": [0.833]
                },
                "o": {
                  "x": [0.167],
                  "y": [0.167]
                },
                "t": 92.093,
                "s": [2.002]
              },
              {
                "t": 158.158008594532,
                "s": [4.004]
              }
            ],
            "ix": 2,
            "x": "var $bm_rt;\n$bm_rt = loopOut('cycle', 1);"
          },
          "w": 1920,
          "h": 1080,
          "ip": 32.032032032032,
          "op": 332.332332332332,
          "st": 32.032032032032,
          "bm": 0
        },
        {
          "ddd": 0,
          "ind": 9,
          "ty": 0,
          "nm": "Comp 1",
          "refId": "comp_1",
          "sr": 1,
          "ks": {
            "o": {
              "a": 0,
              "k": 100,
              "ix": 11
            },
            "r": {
              "a": 0,
              "k": 0,
              "ix": 10
            },
            "p": {
              "a": 0,
              "k": [960, 1024, 0],
              "ix": 2
            },
            "a": {
              "a": 0,
              "k": [960, 540, 0],
              "ix": 1
            },
            "s": {
              "a": 0,
              "k": [100, 100, 100],
              "ix": 6
            }
          },
          "ao": 0,
          "tm": {
            "a": 1,
            "k": [
              {
                "i": {
                  "x": [0.833],
                  "y": [0.833]
                },
                "o": {
                  "x": [0.167],
                  "y": [0.167]
                },
                "t": 28.028,
                "s": [0]
              },
              {
                "i": {
                  "x": [0.833],
                  "y": [0.833]
                },
                "o": {
                  "x": [0.167],
                  "y": [0.167]
                },
                "t": 88.089,
                "s": [2.002]
              },
              {
                "t": 154.154004590528,
                "s": [4.004]
              }
            ],
            "ix": 2,
            "x": "var $bm_rt;\n$bm_rt = loopOut('cycle', 1);"
          },
          "w": 1920,
          "h": 1080,
          "ip": 28.028028028028,
          "op": 328.328328328328,
          "st": 28.028028028028,
          "bm": 0
        },
        {
          "ddd": 0,
          "ind": 10,
          "ty": 0,
          "nm": "Comp 1",
          "refId": "comp_1",
          "sr": 1,
          "ks": {
            "o": {
              "a": 0,
              "k": 100,
              "ix": 11
            },
            "r": {
              "a": 0,
              "k": 0,
              "ix": 10
            },
            "p": {
              "a": 0,
              "k": [960, 1144, 0],
              "ix": 2
            },
            "a": {
              "a": 0,
              "k": [960, 540, 0],
              "ix": 1
            },
            "s": {
              "a": 0,
              "k": [100, 100, 100],
              "ix": 6
            }
          },
          "ao": 0,
          "tm": {
            "a": 1,
            "k": [
              {
                "i": {
                  "x": [0.833],
                  "y": [0.833]
                },
                "o": {
                  "x": [0.167],
                  "y": [0.167]
                },
                "t": 24.024,
                "s": [0]
              },
              {
                "i": {
                  "x": [0.833],
                  "y": [0.833]
                },
                "o": {
                  "x": [0.167],
                  "y": [0.167]
                },
                "t": 84.085,
                "s": [2.002]
              },
              {
                "t": 150.150000586524,
                "s": [4.004]
              }
            ],
            "ix": 2,
            "x": "var $bm_rt;\n$bm_rt = loopOut('cycle', 1);"
          },
          "w": 1920,
          "h": 1080,
          "ip": 24.024024024024,
          "op": 324.324324324324,
          "st": 24.024024024024,
          "bm": 0
        },
        {
          "ddd": 0,
          "ind": 11,
          "ty": 0,
          "nm": "Comp 1",
          "refId": "comp_1",
          "sr": 1,
          "ks": {
            "o": {
              "a": 0,
              "k": 100,
              "ix": 11
            },
            "r": {
              "a": 0,
              "k": 0,
              "ix": 10
            },
            "p": {
              "a": 0,
              "k": [960, 1264, 0],
              "ix": 2
            },
            "a": {
              "a": 0,
              "k": [960, 540, 0],
              "ix": 1
            },
            "s": {
              "a": 0,
              "k": [100, 100, 100],
              "ix": 6
            }
          },
          "ao": 0,
          "tm": {
            "a": 1,
            "k": [
              {
                "i": {
                  "x": [0.833],
                  "y": [0.833]
                },
                "o": {
                  "x": [0.167],
                  "y": [0.167]
                },
                "t": 20.02,
                "s": [0]
              },
              {
                "i": {
                  "x": [0.833],
                  "y": [0.833]
                },
                "o": {
                  "x": [0.167],
                  "y": [0.167]
                },
                "t": 80.081,
                "s": [2.002]
              },
              {
                "t": 146.14599658252,
                "s": [4.004]
              }
            ],
            "ix": 2,
            "x": "var $bm_rt;\n$bm_rt = loopOut('cycle', 1);"
          },
          "w": 1920,
          "h": 1080,
          "ip": 20.02002002002,
          "op": 320.32032032032,
          "st": 20.02002002002,
          "bm": 0
        },
        {
          "ddd": 0,
          "ind": 12,
          "ty": 0,
          "nm": "Comp 1",
          "refId": "comp_1",
          "sr": 1,
          "ks": {
            "o": {
              "a": 0,
              "k": 100,
              "ix": 11
            },
            "r": {
              "a": 0,
              "k": 0,
              "ix": 10
            },
            "p": {
              "a": 0,
              "k": [960, 1384, 0],
              "ix": 2
            },
            "a": {
              "a": 0,
              "k": [960, 540, 0],
              "ix": 1
            },
            "s": {
              "a": 0,
              "k": [100, 100, 100],
              "ix": 6
            }
          },
          "ao": 0,
          "tm": {
            "a": 1,
            "k": [
              {
                "i": {
                  "x": [0.833],
                  "y": [0.833]
                },
                "o": {
                  "x": [0.167],
                  "y": [0.167]
                },
                "t": 16.016,
                "s": [0]
              },
              {
                "i": {
                  "x": [0.833],
                  "y": [0.833]
                },
                "o": {
                  "x": [0.167],
                  "y": [0.167]
                },
                "t": 76.077,
                "s": [2.002]
              },
              {
                "t": 142.141992578516,
                "s": [4.004]
              }
            ],
            "ix": 2,
            "x": "var $bm_rt;\n$bm_rt = loopOut('cycle', 1);"
          },
          "w": 1920,
          "h": 1080,
          "ip": 16.016016016016,
          "op": 316.316316316316,
          "st": 16.016016016016,
          "bm": 0
        },
        {
          "ddd": 0,
          "ind": 13,
          "ty": 0,
          "nm": "Comp 1",
          "refId": "comp_1",
          "sr": 1,
          "ks": {
            "o": {
              "a": 0,
              "k": 100,
              "ix": 11
            },
            "r": {
              "a": 0,
              "k": 0,
              "ix": 10
            },
            "p": {
              "a": 0,
              "k": [960, 1504, 0],
              "ix": 2
            },
            "a": {
              "a": 0,
              "k": [960, 540, 0],
              "ix": 1
            },
            "s": {
              "a": 0,
              "k": [100, 100, 100],
              "ix": 6
            }
          },
          "ao": 0,
          "tm": {
            "a": 1,
            "k": [
              {
                "i": {
                  "x": [0.833],
                  "y": [0.833]
                },
                "o": {
                  "x": [0.167],
                  "y": [0.167]
                },
                "t": 12.012,
                "s": [0]
              },
              {
                "i": {
                  "x": [0.833],
                  "y": [0.833]
                },
                "o": {
                  "x": [0.167],
                  "y": [0.167]
                },
                "t": 72.073,
                "s": [2.002]
              },
              {
                "t": 138.137988574512,
                "s": [4.004]
              }
            ],
            "ix": 2,
            "x": "var $bm_rt;\n$bm_rt = loopOut('cycle', 1);"
          },
          "w": 1920,
          "h": 1080,
          "ip": 12.012012012012,
          "op": 312.312312312312,
          "st": 12.012012012012,
          "bm": 0
        },
        {
          "ddd": 0,
          "ind": 14,
          "ty": 0,
          "nm": "Comp 1",
          "refId": "comp_1",
          "sr": 1,
          "ks": {
            "o": {
              "a": 0,
              "k": 100,
              "ix": 11
            },
            "r": {
              "a": 0,
              "k": 0,
              "ix": 10
            },
            "p": {
              "a": 0,
              "k": [960, 1624, 0],
              "ix": 2
            },
            "a": {
              "a": 0,
              "k": [960, 540, 0],
              "ix": 1
            },
            "s": {
              "a": 0,
              "k": [100, 100, 100],
              "ix": 6
            }
          },
          "ao": 0,
          "tm": {
            "a": 1,
            "k": [
              {
                "i": {
                  "x": [0.833],
                  "y": [0.833]
                },
                "o": {
                  "x": [0.167],
                  "y": [0.167]
                },
                "t": 8.008,
                "s": [0]
              },
              {
                "i": {
                  "x": [0.833],
                  "y": [0.833]
                },
                "o": {
                  "x": [0.167],
                  "y": [0.167]
                },
                "t": 68.069,
                "s": [2.002]
              },
              {
                "t": 134.133984570508,
                "s": [4.004]
              }
            ],
            "ix": 2,
            "x": "var $bm_rt;\n$bm_rt = loopOut('cycle', 1);"
          },
          "w": 1920,
          "h": 1080,
          "ip": 8.00800800800801,
          "op": 308.308308308308,
          "st": 8.00800800800801,
          "bm": 0
        },
        {
          "ddd": 0,
          "ind": 15,
          "ty": 0,
          "nm": "Comp 1",
          "refId": "comp_1",
          "sr": 1,
          "ks": {
            "o": {
              "a": 0,
              "k": 100,
              "ix": 11
            },
            "r": {
              "a": 0,
              "k": 0,
              "ix": 10
            },
            "p": {
              "a": 0,
              "k": [960, 1744, 0],
              "ix": 2
            },
            "a": {
              "a": 0,
              "k": [960, 540, 0],
              "ix": 1
            },
            "s": {
              "a": 0,
              "k": [100, 100, 100],
              "ix": 6
            }
          },
          "ao": 0,
          "tm": {
            "a": 1,
            "k": [
              {
                "i": {
                  "x": [0.833],
                  "y": [0.833]
                },
                "o": {
                  "x": [0.167],
                  "y": [0.167]
                },
                "t": 4.004,
                "s": [0]
              },
              {
                "i": {
                  "x": [0.833],
                  "y": [0.833]
                },
                "o": {
                  "x": [0.167],
                  "y": [0.167]
                },
                "t": 64.065,
                "s": [2.002]
              },
              {
                "t": 130.129980566504,
                "s": [4.004]
              }
            ],
            "ix": 2,
            "x": "var $bm_rt;\n$bm_rt = loopOut('cycle', 1);"
          },
          "w": 1920,
          "h": 1080,
          "ip": 4.004004004004,
          "op": 304.304304304304,
          "st": 4.004004004004,
          "bm": 0
        },
        {
          "ddd": 0,
          "ind": 16,
          "ty": 0,
          "nm": "Comp 1",
          "refId": "comp_1",
          "sr": 1,
          "ks": {
            "o": {
              "a": 0,
              "k": 100,
              "ix": 11
            },
            "r": {
              "a": 0,
              "k": 0,
              "ix": 10
            },
            "p": {
              "a": 0,
              "k": [960, 1864, 0],
              "ix": 2
            },
            "a": {
              "a": 0,
              "k": [960, 540, 0],
              "ix": 1
            },
            "s": {
              "a": 0,
              "k": [100, 100, 100],
              "ix": 6
            }
          },
          "ao": 0,
          "tm": {
            "a": 1,
            "k": [
              {
                "i": {
                  "x": [0.833],
                  "y": [0.833]
                },
                "o": {
                  "x": [0.167],
                  "y": [0.167]
                },
                "t": 0,
                "s": [0]
              },
              {
                "i": {
                  "x": [0.833],
                  "y": [0.833]
                },
                "o": {
                  "x": [0.167],
                  "y": [0.167]
                },
                "t": 60.061,
                "s": [2.002]
              },
              {
                "t": 126.1259765625,
                "s": [4.004]
              }
            ],
            "ix": 2,
            "x": "var $bm_rt;\n$bm_rt = loopOut('cycle', 1);"
          },
          "w": 1920,
          "h": 1080,
          "ip": 0,
          "op": 300.3003003003,
          "st": 0,
          "bm": 0
        }
      ]
    },
    {
      "id": "comp_1",
      "layers": [
        {
          "ddd": 0,
          "ind": 1,
          "ty": 4,
          "nm": "red 2",
          "sr": 1,
          "ks": {
            "o": {
              "a": 0,
              "k": 100,
              "ix": 11
            },
            "r": {
              "a": 0,
              "k": 0,
              "ix": 10
            },
            "p": {
              "a": 1,
              "k": [
                {
                  "i": {
                    "x": 0.667,
                    "y": 1
                  },
                  "o": {
                    "x": 0.333,
                    "y": 0
                  },
                  "t": 30.03,
                  "s": [760, 540, 0],
                  "to": [0, 0, 0],
                  "ti": [0, 0, 0]
                },
                {
                  "i": {
                    "x": 0.667,
                    "y": 1
                  },
                  "o": {
                    "x": 0.333,
                    "y": 0
                  },
                  "t": 60.061,
                  "s": [1160, 540, 0],
                  "to": [0, 0, 0],
                  "ti": [0, 0, 0]
                },
                {
                  "i": {
                    "x": 0.667,
                    "y": 1
                  },
                  "o": {
                    "x": 0.167,
                    "y": 0
                  },
                  "t": 90.09,
                  "s": [760, 540, 0],
                  "to": [0, 0, 0],
                  "ti": [0, 0, 0]
                },
                {
                  "t": 120.1201171875,
                  "s": [1160, 540, 0]
                }
              ],
              "ix": 2
            },
            "a": {
              "a": 0,
              "k": [0, 0, 0],
              "ix": 1
            },
            "s": {
              "a": 0,
              "k": [100, 100, 100],
              "ix": 6
            }
          },
          "ao": 0,
          "shapes": [
            {
              "ty": "gr",
              "it": [
                {
                  "d": 1,
                  "ty": "el",
                  "s": {
                    "a": 0,
                    "k": [100, 100],
                    "ix": 2
                  },
                  "p": {
                    "a": 0,
                    "k": [0, 0],
                    "ix": 3
                  },
                  "nm": "Ellipse Path 1",
                  "mn": "ADBE Vector Shape - Ellipse",
                  "hd": false
                },
                {
                  "ty": "fl",
                  "c": {
                    "a": 0,
                    "k": [
                      0.16862745098039217,
                      0.19607843137254902,
                      0.4196078431372549,
                      1
                    ],
                    "ix": 4
                  },
                  "o": {
                    "a": 0,
                    "k": 100,
                    "ix": 5
                  },
                  "r": 1,
                  "bm": 0,
                  "nm": "Fill 1",
                  "mn": "ADBE Vector Graphic - Fill",
                  "hd": false
                },
                {
                  "ty": "tr",
                  "p": {
                    "a": 0,
                    "k": [0, 0],
                    "ix": 2
                  },
                  "a": {
                    "a": 0,
                    "k": [0, 0],
                    "ix": 1
                  },
                  "s": {
                    "a": 0,
                    "k": [100, 100],
                    "ix": 3
                  },
                  "r": {
                    "a": 0,
                    "k": 0,
                    "ix": 6
                  },
                  "o": {
                    "a": 0,
                    "k": 100,
                    "ix": 7
                  },
                  "sk": {
                    "a": 0,
                    "k": 0,
                    "ix": 4
                  },
                  "sa": {
                    "a": 0,
                    "k": 0,
                    "ix": 5
                  },
                  "nm": "Transform"
                }
              ],
              "nm": "Ellipse 1",
              "np": 3,
              "cix": 2,
              "bm": 0,
              "ix": 1,
              "mn": "ADBE Vector Group",
              "hd": false
            }
          ],
          "ip": 90.0900900900901,
          "op": 300.3003003003,
          "st": 0,
          "bm": 0
        },
        {
          "ddd": 0,
          "ind": 2,
          "ty": 4,
          "nm": "blue 3",
          "sr": 1,
          "ks": {
            "o": {
              "a": 0,
              "k": 100,
              "ix": 11
            },
            "r": {
              "a": 0,
              "k": 0,
              "ix": 10
            },
            "p": {
              "a": 1,
              "k": [
                {
                  "i": {
                    "x": 0.667,
                    "y": 1
                  },
                  "o": {
                    "x": 0.333,
                    "y": 0
                  },
                  "t": 30.03,
                  "s": [1160, 540, 0],
                  "to": [0, 0, 0],
                  "ti": [0, 0, 0]
                },
                {
                  "i": {
                    "x": 0.667,
                    "y": 1
                  },
                  "o": {
                    "x": 0.333,
                    "y": 0
                  },
                  "t": 60.061,
                  "s": [760, 540, 0],
                  "to": [0, 0, 0],
                  "ti": [0, 0, 0]
                },
                {
                  "i": {
                    "x": 0.667,
                    "y": 1
                  },
                  "o": {
                    "x": 0.333,
                    "y": 0
                  },
                  "t": 90.09,
                  "s": [1160, 540, 0],
                  "to": [0, 0, 0],
                  "ti": [0, 0, 0]
                },
                {
                  "t": 120.1201171875,
                  "s": [760, 540, 0]
                }
              ],
              "ix": 2
            },
            "a": {
              "a": 0,
              "k": [0, 0, 0],
              "ix": 1
            },
            "s": {
              "a": 0,
              "k": [100, 100, 100],
              "ix": 6
            }
          },
          "ao": 0,
          "shapes": [
            {
              "ty": "gr",
              "it": [
                {
                  "d": 1,
                  "ty": "el",
                  "s": {
                    "a": 0,
                    "k": [100, 100],
                    "ix": 2
                  },
                  "p": {
                    "a": 0,
                    "k": [0, 0],
                    "ix": 3
                  },
                  "nm": "Ellipse Path 1",
                  "mn": "ADBE Vector Shape - Ellipse",
                  "hd": false
                },
                {
                  "ty": "fl",
                  "c": {
                    "a": 0,
                    "k": [
                      0.44313725490196076,
                      0.4980392156862745,
                      0.8823529411764706,
                      1
                    ],
                    "ix": 4
                  },
                  "o": {
                    "a": 0,
                    "k": 100,
                    "ix": 5
                  },
                  "r": 1,
                  "bm": 0,
                  "nm": "Fill 1",
                  "mn": "ADBE Vector Graphic - Fill",
                  "hd": false
                },
                {
                  "ty": "tr",
                  "p": {
                    "a": 0,
                    "k": [0, 0],
                    "ix": 2
                  },
                  "a": {
                    "a": 0,
                    "k": [0, 0],
                    "ix": 1
                  },
                  "s": {
                    "a": 0,
                    "k": [100, 100],
                    "ix": 3
                  },
                  "r": {
                    "a": 0,
                    "k": 0,
                    "ix": 6
                  },
                  "o": {
                    "a": 0,
                    "k": 100,
                    "ix": 7
                  },
                  "sk": {
                    "a": 0,
                    "k": 0,
                    "ix": 4
                  },
                  "sa": {
                    "a": 0,
                    "k": 0,
                    "ix": 5
                  },
                  "nm": "Transform"
                }
              ],
              "nm": "Ellipse 1",
              "np": 3,
              "cix": 2,
              "bm": 0,
              "ix": 1,
              "mn": "ADBE Vector Group",
              "hd": false
            }
          ],
          "ip": 60.0600600600601,
          "op": 90.0900900900901,
          "st": 0,
          "bm": 0
        },
        {
          "ddd": 0,
          "ind": 3,
          "ty": 4,
          "nm": "red",
          "sr": 1,
          "ks": {
            "o": {
              "a": 0,
              "k": 100,
              "ix": 11
            },
            "r": {
              "a": 0,
              "k": 0,
              "ix": 10
            },
            "p": {
              "a": 1,
              "k": [
                {
                  "i": {
                    "x": 0.667,
                    "y": 1
                  },
                  "o": {
                    "x": 0.333,
                    "y": 0
                  },
                  "t": 30.03,
                  "s": [760, 540, 0],
                  "to": [0, 0, 0],
                  "ti": [0, 0, 0]
                },
                {
                  "i": {
                    "x": 0.667,
                    "y": 1
                  },
                  "o": {
                    "x": 0.333,
                    "y": 0
                  },
                  "t": 60.061,
                  "s": [1160, 540, 0],
                  "to": [0, 0, 0],
                  "ti": [0, 0, 0]
                },
                {
                  "i": {
                    "x": 0.667,
                    "y": 1
                  },
                  "o": {
                    "x": 0.167,
                    "y": 0
                  },
                  "t": 90.09,
                  "s": [760, 540, 0],
                  "to": [0, 0, 0],
                  "ti": [0, 0, 0]
                },
                {
                  "t": 120.1201171875,
                  "s": [1160, 540, 0]
                }
              ],
              "ix": 2
            },
            "a": {
              "a": 0,
              "k": [0, 0, 0],
              "ix": 1
            },
            "s": {
              "a": 0,
              "k": [100, 100, 100],
              "ix": 6
            }
          },
          "ao": 0,
          "shapes": [
            {
              "ty": "gr",
              "it": [
                {
                  "d": 1,
                  "ty": "el",
                  "s": {
                    "a": 0,
                    "k": [100, 100],
                    "ix": 2
                  },
                  "p": {
                    "a": 0,
                    "k": [0, 0],
                    "ix": 3
                  },
                  "nm": "Ellipse Path 1",
                  "mn": "ADBE Vector Shape - Ellipse",
                  "hd": false
                },
                {
                  "ty": "fl",
                  "c": {
                    "a": 0,
                    "k": [
                      0.16862745098039217,
                      0.19607843137254902,
                      0.4196078431372549,
                      1
                    ],
                    "ix": 4
                  },
                  "o": {
                    "a": 0,
                    "k": 100,
                    "ix": 5
                  },
                  "r": 1,
                  "bm": 0,
                  "nm": "Fill 1",
                  "mn": "ADBE Vector Graphic - Fill",
                  "hd": false
                },
                {
                  "ty": "tr",
                  "p": {
                    "a": 0,
                    "k": [0, 0],
                    "ix": 2
                  },
                  "a": {
                    "a": 0,
                    "k": [0, 0],
                    "ix": 1
                  },
                  "s": {
                    "a": 0,
                    "k": [100, 100],
                    "ix": 3
                  },
                  "r": {
                    "a": 0,
                    "k": 0,
                    "ix": 6
                  },
                  "o": {
                    "a": 0,
                    "k": 100,
                    "ix": 7
                  },
                  "sk": {
                    "a": 0,
                    "k": 0,
                    "ix": 4
                  },
                  "sa": {
                    "a": 0,
                    "k": 0,
                    "ix": 5
                  },
                  "nm": "Transform"
                }
              ],
              "nm": "Ellipse 1",
              "np": 3,
              "cix": 2,
              "bm": 0,
              "ix": 1,
              "mn": "ADBE Vector Group",
              "hd": false
            }
          ],
          "ip": 0,
          "op": 59.0590590590591,
          "st": 0,
          "bm": 0
        },
        {
          "ddd": 0,
          "ind": 4,
          "ty": 4,
          "nm": "middle",
          "sr": 1,
          "ks": {
            "o": {
              "a": 0,
              "k": 100,
              "ix": 11
            },
            "r": {
              "a": 0,
              "k": 0,
              "ix": 10
            },
            "p": {
              "a": 0,
              "k": [960, 540, 0],
              "ix": 2
            },
            "a": {
              "a": 0,
              "k": [0, 0, 0],
              "ix": 1
            },
            "s": {
              "a": 0,
              "k": [100, 100, 100],
              "ix": 6
            }
          },
          "ao": 0,
          "shapes": [
            {
              "ty": "gr",
              "it": [
                {
                  "ty": "rc",
                  "d": 1,
                  "s": {
                    "a": 1,
                    "k": [
                      {
                        "i": {
                          "x": [0.833, 0.833],
                          "y": [0.833, 1]
                        },
                        "o": {
                          "x": [0.333, 0.333],
                          "y": [0, 0]
                        },
                        "t": 30.03,
                        "s": [310, 40]
                      },
                      {
                        "i": {
                          "x": [0.667, 0.667],
                          "y": [1, 1]
                        },
                        "o": {
                          "x": [0.167, 0.167],
                          "y": [0.167, 0]
                        },
                        "t": 45.045,
                        "s": [0, 40]
                      },
                      {
                        "i": {
                          "x": [0.833, 0.833],
                          "y": [0.833, 1]
                        },
                        "o": {
                          "x": [0.333, 0.333],
                          "y": [0, 0]
                        },
                        "t": 60.061,
                        "s": [310, 40]
                      },
                      {
                        "i": {
                          "x": [0.667, 0.667],
                          "y": [1, 1]
                        },
                        "o": {
                          "x": [0.167, 0.167],
                          "y": [0.167, 0]
                        },
                        "t": 75.075,
                        "s": [0, 40]
                      },
                      {
                        "i": {
                          "x": [0.833, 0.833],
                          "y": [0.833, 1]
                        },
                        "o": {
                          "x": [0.333, 0.333],
                          "y": [0, 0]
                        },
                        "t": 90.09,
                        "s": [310, 40]
                      },
                      {
                        "i": {
                          "x": [0.667, 0.667],
                          "y": [1, 1]
                        },
                        "o": {
                          "x": [0.167, 0.167],
                          "y": [0.167, 0]
                        },
                        "t": 105.105,
                        "s": [0, 40]
                      },
                      {
                        "t": 120.1201171875,
                        "s": [310, 40]
                      }
                    ],
                    "ix": 2
                  },
                  "p": {
                    "a": 0,
                    "k": [0, 0],
                    "ix": 3
                  },
                  "r": {
                    "a": 0,
                    "k": 0,
                    "ix": 4
                  },
                  "nm": "Rectangle Path 1",
                  "mn": "ADBE Vector Shape - Rect",
                  "hd": false
                },
                {
                  "d": 1,
                  "ty": "el",
                  "s": {
                    "a": 1,
                    "k": [
                      {
                        "i": {
                          "x": [0.833, 0.833],
                          "y": [0.833, 1]
                        },
                        "o": {
                          "x": [0.333, 0.333],
                          "y": [0, 0]
                        },
                        "t": 30.03,
                        "s": [0, 40]
                      },
                      {
                        "i": {
                          "x": [0.667, 0.667],
                          "y": [1, 1]
                        },
                        "o": {
                          "x": [0.167, 0.167],
                          "y": [0.167, 0]
                        },
                        "t": 45.045,
                        "s": [40, 40]
                      },
                      {
                        "i": {
                          "x": [0.833, 0.833],
                          "y": [0.833, 1]
                        },
                        "o": {
                          "x": [0.333, 0.333],
                          "y": [0, 0]
                        },
                        "t": 60.061,
                        "s": [0, 40]
                      },
                      {
                        "i": {
                          "x": [0.667, 0.667],
                          "y": [1, 1]
                        },
                        "o": {
                          "x": [0.167, 0.167],
                          "y": [0.167, 0]
                        },
                        "t": 75.075,
                        "s": [40, 40]
                      },
                      {
                        "i": {
                          "x": [0.833, 0.833],
                          "y": [0.833, 1]
                        },
                        "o": {
                          "x": [0.333, 0.333],
                          "y": [0, 0]
                        },
                        "t": 90.09,
                        "s": [0, 40]
                      },
                      {
                        "i": {
                          "x": [0.667, 0.667],
                          "y": [1, 1]
                        },
                        "o": {
                          "x": [0.167, 0.167],
                          "y": [0.167, 0]
                        },
                        "t": 105.105,
                        "s": [40, 40]
                      },
                      {
                        "t": 120.1201171875,
                        "s": [0, 40]
                      }
                    ],
                    "ix": 2
                  },
                  "p": {
                    "a": 0,
                    "k": [0, 0],
                    "ix": 3,
                    "x": "var $bm_rt;\nvar temp;\ntemp = content('Rectangle 1').content('Rectangle Path 1').size[0];\n$bm_rt = [\n    temp / 2,\n    0\n];"
                  },
                  "nm": "Ellipse Path 1",
                  "mn": "ADBE Vector Shape - Ellipse",
                  "hd": false
                },
                {
                  "d": 1,
                  "ty": "el",
                  "s": {
                    "a": 1,
                    "k": [
                      {
                        "i": {
                          "x": [0.833, 0.833],
                          "y": [0.833, 1]
                        },
                        "o": {
                          "x": [0.333, 0.333],
                          "y": [0, 0]
                        },
                        "t": 30.03,
                        "s": [0, 40]
                      },
                      {
                        "i": {
                          "x": [0.667, 0.667],
                          "y": [1, 1]
                        },
                        "o": {
                          "x": [0.167, 0.167],
                          "y": [0.167, 0]
                        },
                        "t": 45.045,
                        "s": [40, 40]
                      },
                      {
                        "i": {
                          "x": [0.833, 0.833],
                          "y": [0.833, 1]
                        },
                        "o": {
                          "x": [0.333, 0.333],
                          "y": [0, 0]
                        },
                        "t": 60.061,
                        "s": [0, 40]
                      },
                      {
                        "i": {
                          "x": [0.667, 0.667],
                          "y": [1, 1]
                        },
                        "o": {
                          "x": [0.167, 0.167],
                          "y": [0.167, 0]
                        },
                        "t": 75.075,
                        "s": [40, 40]
                      },
                      {
                        "i": {
                          "x": [0.833, 0.833],
                          "y": [0.833, 1]
                        },
                        "o": {
                          "x": [0.333, 0.333],
                          "y": [0, 0]
                        },
                        "t": 90.09,
                        "s": [0, 40]
                      },
                      {
                        "i": {
                          "x": [0.667, 0.667],
                          "y": [1, 1]
                        },
                        "o": {
                          "x": [0.167, 0.167],
                          "y": [0.167, 0]
                        },
                        "t": 105.105,
                        "s": [40, 40]
                      },
                      {
                        "t": 120.1201171875,
                        "s": [0, 40]
                      }
                    ],
                    "ix": 2
                  },
                  "p": {
                    "a": 0,
                    "k": [0, 0],
                    "ix": 3,
                    "x": "var $bm_rt;\nvar temp;\ntemp = content('Rectangle 1').content('Rectangle Path 1').size[0];\n$bm_rt = [\n    temp / -2,\n    0\n];"
                  },
                  "nm": "Ellipse Path 2",
                  "mn": "ADBE Vector Shape - Ellipse",
                  "hd": false
                },
                {
                  "ty": "fl",
                  "c": {
                    "a": 0,
                    "k": [
                      0.7843137254901961,
                      0.7843137254901961,
                      0.7843137254901961,
                      1
                    ],
                    "ix": 4
                  },
                  "o": {
                    "a": 0,
                    "k": 100,
                    "ix": 5
                  },
                  "r": 1,
                  "bm": 0,
                  "nm": "Fill 1",
                  "mn": "ADBE Vector Graphic - Fill",
                  "hd": false
                },
                {
                  "ty": "tr",
                  "p": {
                    "a": 0,
                    "k": [0, 0],
                    "ix": 2
                  },
                  "a": {
                    "a": 0,
                    "k": [0, 0],
                    "ix": 1
                  },
                  "s": {
                    "a": 0,
                    "k": [100, 100],
                    "ix": 3
                  },
                  "r": {
                    "a": 0,
                    "k": 0,
                    "ix": 6
                  },
                  "o": {
                    "a": 0,
                    "k": 100,
                    "ix": 7
                  },
                  "sk": {
                    "a": 0,
                    "k": 0,
                    "ix": 4
                  },
                  "sa": {
                    "a": 0,
                    "k": 0,
                    "ix": 5
                  },
                  "nm": "Transform"
                }
              ],
              "nm": "Rectangle 1",
              "np": 5,
              "cix": 2,
              "bm": 0,
              "ix": 1,
              "mn": "ADBE Vector Group",
              "hd": false
            }
          ],
          "ip": 0,
          "op": 300.3003003003,
          "st": 0,
          "bm": 0
        },
        {
          "ddd": 0,
          "ind": 5,
          "ty": 4,
          "nm": "blue 2",
          "sr": 1,
          "ks": {
            "o": {
              "a": 0,
              "k": 100,
              "ix": 11
            },
            "r": {
              "a": 0,
              "k": 0,
              "ix": 10
            },
            "p": {
              "a": 1,
              "k": [
                {
                  "i": {
                    "x": 0.667,
                    "y": 1
                  },
                  "o": {
                    "x": 0.333,
                    "y": 0
                  },
                  "t": 60.061,
                  "s": [760, 540, 0],
                  "to": [0, 0, 0],
                  "ti": [0, 0, 0]
                },
                {
                  "i": {
                    "x": 0.667,
                    "y": 1
                  },
                  "o": {
                    "x": 0.333,
                    "y": 0
                  },
                  "t": 90.09,
                  "s": [1160, 540, 0],
                  "to": [0, 0, 0],
                  "ti": [0, 0, 0]
                },
                {
                  "t": 120.1201171875,
                  "s": [760, 540, 0]
                }
              ],
              "ix": 2
            },
            "a": {
              "a": 0,
              "k": [0, 0, 0],
              "ix": 1
            },
            "s": {
              "a": 0,
              "k": [100, 100, 100],
              "ix": 6
            }
          },
          "ao": 0,
          "shapes": [
            {
              "ty": "gr",
              "it": [
                {
                  "d": 1,
                  "ty": "el",
                  "s": {
                    "a": 0,
                    "k": [100, 100],
                    "ix": 2
                  },
                  "p": {
                    "a": 0,
                    "k": [0, 0],
                    "ix": 3
                  },
                  "nm": "Ellipse Path 1",
                  "mn": "ADBE Vector Shape - Ellipse",
                  "hd": false
                },
                {
                  "ty": "fl",
                  "c": {
                    "a": 0,
                    "k": [
                      0.44313725490196076,
                      0.4980392156862745,
                      0.8823529411764706,
                      1
                    ],
                    "ix": 4
                  },
                  "o": {
                    "a": 0,
                    "k": 100,
                    "ix": 5
                  },
                  "r": 1,
                  "bm": 0,
                  "nm": "Fill 1",
                  "mn": "ADBE Vector Graphic - Fill",
                  "hd": false
                },
                {
                  "ty": "tr",
                  "p": {
                    "a": 0,
                    "k": [0, 0],
                    "ix": 2
                  },
                  "a": {
                    "a": 0,
                    "k": [0, 0],
                    "ix": 1
                  },
                  "s": {
                    "a": 0,
                    "k": [100, 100],
                    "ix": 3
                  },
                  "r": {
                    "a": 0,
                    "k": 0,
                    "ix": 6
                  },
                  "o": {
                    "a": 0,
                    "k": 100,
                    "ix": 7
                  },
                  "sk": {
                    "a": 0,
                    "k": 0,
                    "ix": 4
                  },
                  "sa": {
                    "a": 0,
                    "k": 0,
                    "ix": 5
                  },
                  "nm": "Transform"
                }
              ],
              "nm": "Ellipse 1",
              "np": 3,
              "cix": 2,
              "bm": 0,
              "ix": 1,
              "mn": "ADBE Vector Group",
              "hd": false
            }
          ],
          "ip": 90.0900900900901,
          "op": 300.3003003003,
          "st": 0,
          "bm": 0
        },
        {
          "ddd": 0,
          "ind": 6,
          "ty": 4,
          "nm": "red 3",
          "sr": 1,
          "ks": {
            "o": {
              "a": 0,
              "k": 100,
              "ix": 11
            },
            "r": {
              "a": 0,
              "k": 0,
              "ix": 10
            },
            "p": {
              "a": 1,
              "k": [
                {
                  "i": {
                    "x": 0.667,
                    "y": 1
                  },
                  "o": {
                    "x": 0.333,
                    "y": 0
                  },
                  "t": 30.03,
                  "s": [760, 540, 0],
                  "to": [0, 0, 0],
                  "ti": [0, 0, 0]
                },
                {
                  "i": {
                    "x": 0.667,
                    "y": 1
                  },
                  "o": {
                    "x": 0.333,
                    "y": 0
                  },
                  "t": 60.061,
                  "s": [1160, 540, 0],
                  "to": [0, 0, 0],
                  "ti": [0, 0, 0]
                },
                {
                  "i": {
                    "x": 0.667,
                    "y": 1
                  },
                  "o": {
                    "x": 0.167,
                    "y": 0
                  },
                  "t": 90.09,
                  "s": [760, 540, 0],
                  "to": [0, 0, 0],
                  "ti": [0, 0, 0]
                },
                {
                  "t": 120.1201171875,
                  "s": [1160, 540, 0]
                }
              ],
              "ix": 2
            },
            "a": {
              "a": 0,
              "k": [0, 0, 0],
              "ix": 1
            },
            "s": {
              "a": 0,
              "k": [100, 100, 100],
              "ix": 6
            }
          },
          "ao": 0,
          "shapes": [
            {
              "ty": "gr",
              "it": [
                {
                  "d": 1,
                  "ty": "el",
                  "s": {
                    "a": 0,
                    "k": [100, 100],
                    "ix": 2
                  },
                  "p": {
                    "a": 0,
                    "k": [0, 0],
                    "ix": 3
                  },
                  "nm": "Ellipse Path 1",
                  "mn": "ADBE Vector Shape - Ellipse",
                  "hd": false
                },
                {
                  "ty": "fl",
                  "c": {
                    "a": 0,
                    "k": [
                      0.16862745098039217,
                      0.19607843137254902,
                      0.4196078431372549,
                      1
                    ],
                    "ix": 4
                  },
                  "o": {
                    "a": 0,
                    "k": 100,
                    "ix": 5
                  },
                  "r": 1,
                  "bm": 0,
                  "nm": "Fill 1",
                  "mn": "ADBE Vector Graphic - Fill",
                  "hd": false
                },
                {
                  "ty": "tr",
                  "p": {
                    "a": 0,
                    "k": [0, 0],
                    "ix": 2
                  },
                  "a": {
                    "a": 0,
                    "k": [0, 0],
                    "ix": 1
                  },
                  "s": {
                    "a": 0,
                    "k": [100, 100],
                    "ix": 3
                  },
                  "r": {
                    "a": 0,
                    "k": 0,
                    "ix": 6
                  },
                  "o": {
                    "a": 0,
                    "k": 100,
                    "ix": 7
                  },
                  "sk": {
                    "a": 0,
                    "k": 0,
                    "ix": 4
                  },
                  "sa": {
                    "a": 0,
                    "k": 0,
                    "ix": 5
                  },
                  "nm": "Transform"
                }
              ],
              "nm": "Ellipse 1",
              "np": 3,
              "cix": 2,
              "bm": 0,
              "ix": 1,
              "mn": "ADBE Vector Group",
              "hd": false
            }
          ],
          "ip": 59.0590590590591,
          "op": 90.0900900900901,
          "st": 0,
          "bm": 0
        },
        {
          "ddd": 0,
          "ind": 7,
          "ty": 4,
          "nm": "blue",
          "sr": 1,
          "ks": {
            "o": {
              "a": 0,
              "k": 100,
              "ix": 11
            },
            "r": {
              "a": 0,
              "k": 0,
              "ix": 10
            },
            "p": {
              "a": 1,
              "k": [
                {
                  "i": {
                    "x": 0.667,
                    "y": 1
                  },
                  "o": {
                    "x": 0.333,
                    "y": 0
                  },
                  "t": 30.03,
                  "s": [1160, 540, 0],
                  "to": [0, 0, 0],
                  "ti": [0, 0, 0]
                },
                {
                  "i": {
                    "x": 0.667,
                    "y": 1
                  },
                  "o": {
                    "x": 0.333,
                    "y": 0
                  },
                  "t": 60.061,
                  "s": [760, 540, 0],
                  "to": [0, 0, 0],
                  "ti": [0, 0, 0]
                },
                {
                  "i": {
                    "x": 0.667,
                    "y": 1
                  },
                  "o": {
                    "x": 0.333,
                    "y": 0
                  },
                  "t": 90.09,
                  "s": [1160, 540, 0],
                  "to": [0, 0, 0],
                  "ti": [0, 0, 0]
                },
                {
                  "t": 120.1201171875,
                  "s": [760, 540, 0]
                }
              ],
              "ix": 2
            },
            "a": {
              "a": 0,
              "k": [0, 0, 0],
              "ix": 1
            },
            "s": {
              "a": 0,
              "k": [100, 100, 100],
              "ix": 6
            }
          },
          "ao": 0,
          "shapes": [
            {
              "ty": "gr",
              "it": [
                {
                  "d": 1,
                  "ty": "el",
                  "s": {
                    "a": 0,
                    "k": [100, 100],
                    "ix": 2
                  },
                  "p": {
                    "a": 0,
                    "k": [0, 0],
                    "ix": 3
                  },
                  "nm": "Ellipse Path 1",
                  "mn": "ADBE Vector Shape - Ellipse",
                  "hd": false
                },
                {
                  "ty": "fl",
                  "c": {
                    "a": 0,
                    "k": [0.426214240579, 0.882769835229, 0.994362745098, 1],
                    "ix": 4
                  },
                  "o": {
                    "a": 0,
                    "k": 100,
                    "ix": 5
                  },
                  "r": 1,
                  "bm": 0,
                  "nm": "Fill 1",
                  "mn": "ADBE Vector Graphic - Fill",
                  "hd": false
                },
                {
                  "ty": "tr",
                  "p": {
                    "a": 0,
                    "k": [0, 0],
                    "ix": 2
                  },
                  "a": {
                    "a": 0,
                    "k": [0, 0],
                    "ix": 1
                  },
                  "s": {
                    "a": 0,
                    "k": [100, 100],
                    "ix": 3
                  },
                  "r": {
                    "a": 0,
                    "k": 0,
                    "ix": 6
                  },
                  "o": {
                    "a": 0,
                    "k": 100,
                    "ix": 7
                  },
                  "sk": {
                    "a": 0,
                    "k": 0,
                    "ix": 4
                  },
                  "sa": {
                    "a": 0,
                    "k": 0,
                    "ix": 5
                  },
                  "nm": "Transform"
                }
              ],
              "nm": "Ellipse 1",
              "np": 3,
              "cix": 2,
              "bm": 0,
              "ix": 1,
              "mn": "ADBE Vector Group",
              "hd": false
            }
          ],
          "ip": 0,
          "op": 60.0600600600601,
          "st": 0,
          "bm": 0
        }
      ]
    }
  ],
  "layers": [
    {
      "ddd": 0,
      "ind": 1,
      "ty": 3,
      "nm": "Null 2",
      "sr": 1,
      "ks": {
        "o": {
          "a": 0,
          "k": 0,
          "ix": 11
        },
        "r": {
          "a": 0,
          "k": 90,
          "ix": 10
        },
        "p": {
          "a": 0,
          "k": [540, 540, 0],
          "ix": 2
        },
        "a": {
          "a": 0,
          "k": [0, 0, 0],
          "ix": 1
        },
        "s": {
          "a": 0,
          "k": [40, 40, 100],
          "ix": 6
        }
      },
      "ao": 0,
      "ip": 79,
      "op": 223.223223223223,
      "st": -77.0770770770771,
      "bm": 0
    },
    {
      "ddd": 0,
      "ind": 2,
      "ty": 0,
      "nm": "Comp 2",
      "parent": 1,
      "refId": "comp_0",
      "sr": 1,
      "ks": {
        "o": {
          "a": 0,
          "k": 100,
          "ix": 11
        },
        "r": {
          "a": 0,
          "k": 0,
          "ix": 10
        },
        "p": {
          "a": 0,
          "k": [0, 0, 0],
          "ix": 2
        },
        "a": {
          "a": 0,
          "k": [960, 960, 0],
          "ix": 1
        },
        "s": {
          "a": 0,
          "k": [100, 100, 100],
          "ix": 6
        }
      },
      "ao": 0,
      "w": 1920,
      "h": 1920,
      "ip": 79,
      "op": 222.922922922923,
      "st": -77.0770770770771,
      "bm": 0
    }
  ],
  "markers": []
}
